{"errors":[],"warnings":[],"namedChunkGroups":{"app":{"chunks":[7,2],"assets":["webpack-runtime-3c99795af5331e5a25f6.js","webpack-runtime-3c99795af5331e5a25f6.js.map","app-16204e7ce6bb062e915e.js","app-16204e7ce6bb062e915e.js.map"],"children":{},"childAssets":{}},"component---src-templates-default-js":{"chunks":[0,1,5],"assets":["0-d59036e5ce86ec922f87.js","0-d59036e5ce86ec922f87.js.map","1.9029481059129d640ee6.css","1-1a09dd77e05408691f16.js","1-1a09dd77e05408691f16.js.map","component---src-templates-default-js-9048f19b7515581d8520.js","component---src-templates-default-js-9048f19b7515581d8520.js.map"],"children":{},"childAssets":{}},"component---src-pages-404-js":{"chunks":[0,1,3],"assets":["0-d59036e5ce86ec922f87.js","0-d59036e5ce86ec922f87.js.map","1.9029481059129d640ee6.css","1-1a09dd77e05408691f16.js","1-1a09dd77e05408691f16.js.map","component---src-pages-404-js-feb3d96471ad7f4243f7.js","component---src-pages-404-js-feb3d96471ad7f4243f7.js.map"],"children":{},"childAssets":{}},"component---src-pages-search-js":{"chunks":[0,8,1,4],"assets":["0-d59036e5ce86ec922f87.js","0-d59036e5ce86ec922f87.js.map","8-2502b632a0afa1c90e18.js","8-2502b632a0afa1c90e18.js.map","1.9029481059129d640ee6.css","1-1a09dd77e05408691f16.js","1-1a09dd77e05408691f16.js.map","component---src-pages-search-js-4e445b2fe8ed8c62fe1e.js","component---src-pages-search-js-4e445b2fe8ed8c62fe1e.js.map"],"children":{},"childAssets":{}},"pages-manifest":{"chunks":[6],"assets":["pages-manifest-e0f2d48eca1c9ec22ab5.js","pages-manifest-e0f2d48eca1c9ec22ab5.js.map"],"children":{},"childAssets":{}}},"assetsByChunkName":{"app":["webpack-runtime-3c99795af5331e5a25f6.js","app-16204e7ce6bb062e915e.js"],"component---src-templates-default-js":["0-d59036e5ce86ec922f87.js","1.9029481059129d640ee6.css","1-1a09dd77e05408691f16.js","component---src-templates-default-js-9048f19b7515581d8520.js"],"component---src-pages-404-js":["0-d59036e5ce86ec922f87.js","1.9029481059129d640ee6.css","1-1a09dd77e05408691f16.js","component---src-pages-404-js-feb3d96471ad7f4243f7.js"],"component---src-pages-search-js":["0-d59036e5ce86ec922f87.js","8-2502b632a0afa1c90e18.js","1.9029481059129d640ee6.css","1-1a09dd77e05408691f16.js","component---src-pages-search-js-4e445b2fe8ed8c62fe1e.js"],"pages-manifest":["pages-manifest-e0f2d48eca1c9ec22ab5.js"]}}