{"errors":[],"warnings":[],"namedChunkGroups":{"app":{"chunks":[7,2],"assets":["webpack-runtime-067765caa71df56def09.js","webpack-runtime-067765caa71df56def09.js.map","app-8d92dacbd30f90ac73cc.js","app-8d92dacbd30f90ac73cc.js.map"],"children":{},"childAssets":{}},"component---src-templates-default-jsx":{"chunks":[0,1,5],"assets":["0-b8ea6a817cece0833b90.js","0-b8ea6a817cece0833b90.js.map","1.1573392b2c3082a2c871.css","1-8ff0bf86cee44c317781.js","1-8ff0bf86cee44c317781.js.map","component---src-templates-default-jsx-13e49a5cb02070dabf6a.js","component---src-templates-default-jsx-13e49a5cb02070dabf6a.js.map"],"children":{},"childAssets":{}},"component---src-pages-404-jsx":{"chunks":[0,1,3],"assets":["0-b8ea6a817cece0833b90.js","0-b8ea6a817cece0833b90.js.map","1.1573392b2c3082a2c871.css","1-8ff0bf86cee44c317781.js","1-8ff0bf86cee44c317781.js.map","component---src-pages-404-jsx-3127f34a4153e7461082.js","component---src-pages-404-jsx-3127f34a4153e7461082.js.map"],"children":{},"childAssets":{}},"component---src-pages-search-jsx":{"chunks":[0,8,1,4],"assets":["0-b8ea6a817cece0833b90.js","0-b8ea6a817cece0833b90.js.map","8-cd3bab0a73b20831087f.js","8-cd3bab0a73b20831087f.js.map","1.1573392b2c3082a2c871.css","1-8ff0bf86cee44c317781.js","1-8ff0bf86cee44c317781.js.map","component---src-pages-search-jsx-2032c662914aea5d50ca.js","component---src-pages-search-jsx-2032c662914aea5d50ca.js.map"],"children":{},"childAssets":{}},"pages-manifest":{"chunks":[6],"assets":["pages-manifest-e46f8e5d1f2d1ea103b3.js","pages-manifest-e46f8e5d1f2d1ea103b3.js.map"],"children":{},"childAssets":{}}},"assetsByChunkName":{"app":["webpack-runtime-067765caa71df56def09.js","app-8d92dacbd30f90ac73cc.js"],"component---src-templates-default-jsx":["0-b8ea6a817cece0833b90.js","1.1573392b2c3082a2c871.css","1-8ff0bf86cee44c317781.js","component---src-templates-default-jsx-13e49a5cb02070dabf6a.js"],"component---src-pages-404-jsx":["0-b8ea6a817cece0833b90.js","1.1573392b2c3082a2c871.css","1-8ff0bf86cee44c317781.js","component---src-pages-404-jsx-3127f34a4153e7461082.js"],"component---src-pages-search-jsx":["0-b8ea6a817cece0833b90.js","8-cd3bab0a73b20831087f.js","1.1573392b2c3082a2c871.css","1-8ff0bf86cee44c317781.js","component---src-pages-search-jsx-2032c662914aea5d50ca.js"],"pages-manifest":["pages-manifest-e46f8e5d1f2d1ea103b3.js"]}}