{"errors":[],"warnings":[],"namedChunkGroups":{"app":{"chunks":[7,2],"assets":["webpack-runtime-2b17bba60f7736a306cb.js","webpack-runtime-2b17bba60f7736a306cb.js.map","app-f0b81e208ca874f5c345.js","app-f0b81e208ca874f5c345.js.map"],"children":{},"childAssets":{}},"component---src-templates-default-jsx":{"chunks":[0,1,5],"assets":["0-cf6474ac0944f9510260.js","0-cf6474ac0944f9510260.js.map","1.1573392b2c3082a2c871.css","1-0e84a6dc945b45c2e510.js","1-0e84a6dc945b45c2e510.js.map","component---src-templates-default-jsx-13e49a5cb02070dabf6a.js","component---src-templates-default-jsx-13e49a5cb02070dabf6a.js.map"],"children":{},"childAssets":{}},"component---src-pages-404-jsx":{"chunks":[0,1,3],"assets":["0-cf6474ac0944f9510260.js","0-cf6474ac0944f9510260.js.map","1.1573392b2c3082a2c871.css","1-0e84a6dc945b45c2e510.js","1-0e84a6dc945b45c2e510.js.map","component---src-pages-404-jsx-3127f34a4153e7461082.js","component---src-pages-404-jsx-3127f34a4153e7461082.js.map"],"children":{},"childAssets":{}},"component---src-pages-search-jsx":{"chunks":[0,8,1,4],"assets":["0-cf6474ac0944f9510260.js","0-cf6474ac0944f9510260.js.map","8-cd3bab0a73b20831087f.js","8-cd3bab0a73b20831087f.js.map","1.1573392b2c3082a2c871.css","1-0e84a6dc945b45c2e510.js","1-0e84a6dc945b45c2e510.js.map","component---src-pages-search-jsx-43cbac6208077a1c5c42.js","component---src-pages-search-jsx-43cbac6208077a1c5c42.js.map"],"children":{},"childAssets":{}},"pages-manifest":{"chunks":[6],"assets":["pages-manifest-a853525933f23e59121f.js","pages-manifest-a853525933f23e59121f.js.map"],"children":{},"childAssets":{}}},"assetsByChunkName":{"app":["webpack-runtime-2b17bba60f7736a306cb.js","app-f0b81e208ca874f5c345.js"],"component---src-templates-default-jsx":["0-cf6474ac0944f9510260.js","1.1573392b2c3082a2c871.css","1-0e84a6dc945b45c2e510.js","component---src-templates-default-jsx-13e49a5cb02070dabf6a.js"],"component---src-pages-404-jsx":["0-cf6474ac0944f9510260.js","1.1573392b2c3082a2c871.css","1-0e84a6dc945b45c2e510.js","component---src-pages-404-jsx-3127f34a4153e7461082.js"],"component---src-pages-search-jsx":["0-cf6474ac0944f9510260.js","8-cd3bab0a73b20831087f.js","1.1573392b2c3082a2c871.css","1-0e84a6dc945b45c2e510.js","component---src-pages-search-jsx-43cbac6208077a1c5c42.js"],"pages-manifest":["pages-manifest-a853525933f23e59121f.js"]}}