{"errors":[],"warnings":[],"namedChunkGroups":{"app":{"chunks":[7,2],"assets":["webpack-runtime-8729303af073288abec9.js","webpack-runtime-8729303af073288abec9.js.map","app-613218b920a8b4e8334f.js","app-613218b920a8b4e8334f.js.map"],"children":{},"childAssets":{}},"component---src-templates-default-jsx":{"chunks":[0,1,5],"assets":["0-42e6b50be6824df71a35.js","0-42e6b50be6824df71a35.js.map","1.9029481059129d640ee6.css","1-d69600e8d336d3b60d27.js","1-d69600e8d336d3b60d27.js.map","component---src-templates-default-jsx-644faf5c153af951ec2d.js","component---src-templates-default-jsx-644faf5c153af951ec2d.js.map"],"children":{},"childAssets":{}},"component---src-pages-404-jsx":{"chunks":[0,1,3],"assets":["0-42e6b50be6824df71a35.js","0-42e6b50be6824df71a35.js.map","1.9029481059129d640ee6.css","1-d69600e8d336d3b60d27.js","1-d69600e8d336d3b60d27.js.map","component---src-pages-404-jsx-8595ca450165030cb5eb.js","component---src-pages-404-jsx-8595ca450165030cb5eb.js.map"],"children":{},"childAssets":{}},"component---src-pages-search-jsx":{"chunks":[0,8,1,4],"assets":["0-42e6b50be6824df71a35.js","0-42e6b50be6824df71a35.js.map","8-48d5822b628e098ba126.js","8-48d5822b628e098ba126.js.map","1.9029481059129d640ee6.css","1-d69600e8d336d3b60d27.js","1-d69600e8d336d3b60d27.js.map","component---src-pages-search-jsx-1157ecb8c7934fa8b1a6.js","component---src-pages-search-jsx-1157ecb8c7934fa8b1a6.js.map"],"children":{},"childAssets":{}},"pages-manifest":{"chunks":[6],"assets":["pages-manifest-fcf1b18c5146382765a6.js","pages-manifest-fcf1b18c5146382765a6.js.map"],"children":{},"childAssets":{}}},"assetsByChunkName":{"app":["webpack-runtime-8729303af073288abec9.js","app-613218b920a8b4e8334f.js"],"component---src-templates-default-jsx":["0-42e6b50be6824df71a35.js","1.9029481059129d640ee6.css","1-d69600e8d336d3b60d27.js","component---src-templates-default-jsx-644faf5c153af951ec2d.js"],"component---src-pages-404-jsx":["0-42e6b50be6824df71a35.js","1.9029481059129d640ee6.css","1-d69600e8d336d3b60d27.js","component---src-pages-404-jsx-8595ca450165030cb5eb.js"],"component---src-pages-search-jsx":["0-42e6b50be6824df71a35.js","8-48d5822b628e098ba126.js","1.9029481059129d640ee6.css","1-d69600e8d336d3b60d27.js","component---src-pages-search-jsx-1157ecb8c7934fa8b1a6.js"],"pages-manifest":["pages-manifest-fcf1b18c5146382765a6.js"]}}